agent_id,first_name,last_name,email,phone,license_number,experience_years,rating,location
1,Misty,Hill,egomez@yahoo.com,9873242293,LIC-9833-3835,10,4.7,Allisonton
2,Nicole,Freeman,mcgeecarolyn@boyd.org,9832715924,LIC-0591-7081,1,3.8,Port Lauraview
3,Jennifer,Poole,sjoseph@gmail.com,9815057753,LIC-9801-0889,19,4.2,North Tammy
4,Lisa,Baker,shermanjimmy@gmail.com,9877587148,LIC-0819-9686,10,4.2,West Jeremiah
5,Regina,Perez,longmackenzie@fry.com,9849420843,LIC-6650-2989,4,4.1,Joshuaberg
6,Ashley,Parker,justin76@gmail.com,9833996320,LIC-7486-1148,9,4.1,Eddieton
7,Randall,Garcia,sweeneyjonathan@gmail.com,9897049098,LIC-8506-0979,5,3.9,North Hector
8,Karen,Ali,omiranda@dean-white.com,9836185324,LIC-6145-9918,15,4,East John
9,Lauren,Hoover,charlesrose@yahoo.com,9864526199,LIC-7384-8939,20,4.6,West Javierfurt
10,Courtney,Newman,cummingssamuel@gmail.com,9849551785,LIC-4739-6496,5,4.9,Smithmouth
11,Jordan,Bailey,kimberlywilkinson@walker.com,9813507315,LIC-2588-5959,4,4.7,Anthonybury
12,Carrie,Golden,maryanderson@yahoo.com,9848111501,LIC-2953-4014,13,3.6,New Robin
13,Susan,Nelson,dawnnovak@jones.com,9875439741,LIC-7736-8213,15,4.2,Tylermouth
14,Lisa,Hicks,ycastillo@hotmail.com,9889345541,LIC-5989-8803,7,4.4,Franklinfort
15,Kevin,Prince,macdonalderic@richardson-gomez.com,9894034381,LIC-9693-7510,6,4.3,Stephensshire
16,Lori,Hayes,zmann@williams-richards.com,9868275055,LIC-7645-4448,13,4.8,Jasonshire
17,John,Stewart,cassandra05@hotmail.com,9890933068,LIC-4494-1610,8,4.2,Lake Zacharymouth
18,Connor,Vargas,bishopmelissa@horton-hall.org,9826779756,LIC-1799-9141,9,3.6,Lake Tyler
19,Sheryl,Lewis,john69@lloyd.com,9874827432,LIC-7310-8409,12,4.8,North Laura
20,Diana,Baker,andrewwalker@zhang.com,9871605834,LIC-1625-3447,12,4.3,Hernandezhaven
21,Roger,Curtis,umorgan@mcdowell-ramos.com,9827634757,LIC-5982-3427,19,4.2,Annafort
22,Tammy,Newman,warnermelissa@yahoo.com,9890548125,LIC-4448-7658,2,4.9,Port Christina
23,Jacob,Hernandez,tonyadiaz@harris.com,9852905469,LIC-9179-7101,15,3.8,North Todd
24,Kayla,Richards,hullbrittany@gmail.com,9828084477,LIC-6152-6851,5,4.4,South Elizabethbury
25,David,Wolf,angelawright@yahoo.com,9888348508,LIC-6083-3709,20,3.9,Lake Michaelhaven
26,James,Wang,tmoore@white.info,9897932062,LIC-0714-5541,4,4.8,Port Charles
27,Michael,Brown,qstone@hotmail.com,9808013424,LIC-0310-3793,11,3.6,North Jennifer
28,Anthony,Tyler,martinezrhonda@gmail.com,9828676352,LIC-7473-7911,9,4.3,East Noah
29,Steve,Jimenez,rebeccasmith@gmail.com,9875356906,LIC-6470-4219,8,4.8,Derrickmouth
30,Erica,Johnson,kristiegoodman@russell-hicks.com,9879044517,LIC-9647-5570,4,4.5,South Lisamouth
31,James,Camacho,martinezrichard@gmail.com,9898530122,LIC-9090-1850,15,3.7,South Nicole
32,Shelly,Mccall,ingramgeorge@harris.com,9802367052,LIC-9826-4082,5,4.2,Hullton
33,Gary,Salazar,wallacetony@martinez.org,9869354694,LIC-9710-5869,17,4.1,Johnsonport
34,Victoria,Chen,lclark@watson-travis.com,9843117300,LIC-5118-0867,9,4.9,West Luis
35,Michael,Johnson,alexanderstevens@powell-glover.org,9894184203,LIC-2616-4274,18,4.6,Curtisview
36,Brittney,Ramirez,ashley12@velasquez-glenn.biz,9807563477,LIC-5654-7966,5,4.9,Lake Christopherbury
37,Frank,Miller,nelsonjerry@edwards.net,9869319011,LIC-7232-1013,14,3.7,Boothmouth
38,Matthew,Harris,benjaminjames@hotmail.com,9899945488,LIC-6670-5376,17,3.6,West Matthewmouth
39,Larry,Miller,mnichols@bean-vazquez.com,9872885638,LIC-4283-8574,11,3.7,Lake Christineberg
40,Madeline,Harris,andrew05@yahoo.com,9884461286,LIC-8733-1995,6,4.2,New Alyssa
41,Megan,Russell,sextonamanda@yahoo.com,9865439307,LIC-6976-0216,1,4.8,South Holly
42,Julie,Lucero,jordanbrandi@smith.info,9842901183,LIC-0659-5579,9,4.8,Port Courtney
43,Andrew,Holmes,claire66@davis-lowery.org,9823060641,LIC-7995-9500,14,4.4,East Shawn
44,Brian,Davis,pearsonaaron@hotmail.com,9830071912,LIC-9639-1256,18,3.9,Liuview
45,Bradley,Patrick,iedwards@collins.com,9890132876,LIC-0151-5971,1,4.6,South Brandi
46,Eric,Dixon,melissaward@blackwell.com,9891204454,LIC-6361-6936,17,4.7,Charlesfurt
47,Yolanda,Wilson,michael82@lopez.com,9873471410,LIC-7754-7568,19,4.8,Hallshire
48,Cesar,Ortiz,osanchez@yahoo.com,9842618511,LIC-0774-9857,17,3.6,Port Theresashire
49,Yvonne,Gonzales,robert31@hotmail.com,9850336579,LIC-6533-1024,11,3.6,South Marieport
50,Diana,Jones,kjackson@gmail.com,9828666644,LIC-9762-5446,4,4,Port Raymond
