appointment_id,agent_id,user_id,property_id,appointment_date,status,remarks,,
1,35,30,92,2025-01-22 06:45:56,Completed,Hot not senior it sing cut suddenly.,,
2,7,4,6,2025-01-19 09:34:34,Scheduled,Would mean also continue be.,,
3,9,38,82,2025-02-06 02:02:20,Canceled,Seven blue around now expect.,,
4,11,34,33,2025-01-11 03:19:27,Completed,Guess glass avoid.,,
5,36,27,59,2025-01-23 09:41:03,Scheduled,Key big must.,,
6,24,8,38,2025-02-19 01:46:34,Canceled,Also force everybody discover about likely lead.,,
7,35,41,39,2025-02-10 04:16:57,Scheduled,Te even coach then thus carry them.,,
8,31,48,25,2025-02-12 12:14:55,Scheduled,Once way fall send student lay.,,
9,5,5,6,2025-01-01 02:04:58,Completed,Appear more continue democratic first.,,
10,18,37,60,2025-01-31 10:44:26,Completed,Draw character bill available six.,,
11,41,43,31,2025-01-12 04:00:30,Canceled,Republican employee foreign concern present word.,,
12,36,9,80,2025-01-23 07:18:17,Scheduled,Door thought mean until air.,,
13,49,4,87,2025-01-16 03:41:34,Canceled,People spring nor direction mouth likely position.,,
14,10,37,66,2025-02-16 10:42:59,Scheduled,Race erican less close threat.,,
15,37,22,54,2025-02-19 10:59:49,Canceled,Someone cell interesting new professor exist finish.,,
16,45,16,20,2025-01-17 08:12:54,Canceled,Career can no also.,,
17,12,8,96,2025-01-26 02:50:05,Scheduled,Building cold old indicate.,,
18,27,25,19,2025-01-31 01:44:39,Completed,Choose notice usually cut receive heavy win.,,
19,38,43,12,2025-02-13 07:23:50,Scheduled,Require over wait color.,,
20,33,7,75,2025-02-23 08:59:52,Scheduled,In mission create treatment common side question.,,
21,9,11,84,2025-02-01 11:37:54,Completed,Allow service above movement first structure enter.,,
22,15,11,55,2025-01-04 04:10:43,Scheduled,Red pull food thing newspaper crime method.,,
23,26,28,87,2025-02-11 03:21:27,Completed,Poor close present cell per later join.,,
24,35,31,16,2025-01-22 12:42:49,Scheduled,Interest sell activity his.,,
25,13,12,84,2025-01-05 05:24:22,Completed,Speak walk movement rather down fly.,,
26,43,19,66,2025-01-01 08:03:56,Canceled,Window operation right simple.,,
27,15,9,63,2025-01-15 05:56:07,Canceled,Which describe officer table shoulder cell approach factor.,,
28,21,28,30,2025-01-13 08:14:34,Canceled,Center down could agree begin.,,
29,40,19,59,2025-01-08 12:31:33,Canceled,Music he fly note region fish.,,
30,1,15,44,2025-02-23 02:10:48,Completed,Late adult huge better case.,,
31,37,19,49,2025-01-21 01:23:06,Completed,Stock line it step couple responsibility.,,
32,24,41,42,2025-02-06 12:34:36,Canceled,Small through front individual apply.,,
33,3,27,88,2025-02-13 11:42:49,Scheduled,Exist investment model class state major practice.,,
34,23,46,64,2025-01-13 10:26:42,Completed,Difference only none southern.,,
35,2,27,26,2025-02-06 01:00:22,Completed,Other provide order.,,
36,5,41,2,2025-02-17 02:48:59,Completed,Fast person on season matter gun.,,
37,40,48,38,2025-01-27 05:06:24,Completed,Artist thousand either life meeting.,,
38,4,37,81,2025-01-15 06:51:52,Scheduled,Bad hard have safe.,,
39,27,49,22,2025-01-19 11:29:16,Scheduled,Cell hear area treat film trial laugh.,,
40,6,16,45,2025-02-24 10:04:49,Completed,Off before main always not network.,,
41,27,37,14,2025-02-25 07:13:46,Completed,Term because order person.,,
42,37,47,66,2025-01-08 12:53:49,Completed,Marriage word early day.,,
43,6,25,99,2025-02-07 11:30:19,Scheduled,Consumer senior about.,,
44,16,4,80,2025-01-21 02:41:19,Completed,Very although almost avoid option sister lead.,,
45,39,24,24,2025-02-24 04:23:16,Canceled,Evening learn pick growth.,,
46,15,19,14,2025-01-16 11:52:05,Canceled,Hospital memory draw live get light.,,
47,15,38,80,2025-02-24 02:52:51,Canceled,College food case hotel itself left space loss.,,
48,36,50,80,2025-01-21 03:37:12,Scheduled,Science use couple culture.,,
49,27,5,21,2025-02-20 01:17:11,Completed,Star top thousand general seem think college news.,,
50,23,36,69,2025-02-02 04:51:31,Scheduled,Place move including check understand between.,,
