favorite_id,user_id,property_id,added_at,notes
1,1,40,2025-01-06 11:20:04,Future feeling career.
2,24,29,2025-01-30 04:17:24,Discussion professor pressure PM point head.
3,27,13,2025-01-15 09:28:19,Sport win better.
4,4,12,2025-02-11 06:50:45,Either network trade involve before.
5,30,45,2025-01-12 07:40:50,Cut quality ever reveal current born.
6,30,77,2025-01-15 11:23:03,Break voice contain without five yourself without.
7,1,14,2025-01-12 01:06:07,Challenge protect sing young similar usually can upon.
8,33,81,2025-02-08 07:10:42,Congress but analysis.
9,27,14,2025-01-19 03:18:48,Those visit three industry theory.
10,40,24,2025-02-04 11:33:12,Question true key wind across nation cultural.
11,30,18,2025-02-12 06:07:34,South police light probably southern recent share.
12,7,99,2025-02-10 01:26:17,Side forward fund.
13,33,88,2025-01-22 08:08:32,Change rich candidate ability capital.
14,11,8,2025-01-08 11:15:11,Paper book him perhaps value teacher system.
15,21,33,2025-02-20 03:59:14,Environmental very fly raise church whose.
16,18,14,2025-01-09 12:41:55,Reality still tonight.
17,27,53,2025-01-17 05:58:58,Discover actually your crime away.
18,18,37,2025-02-04 10:21:27,Ok suffer recognize notice beyond person us.
19,46,61,2025-02-02 04:08:04,Reduce various born common like strategy politics community.
20,21,24,2025-01-10 11:41:52,Company gas deep across control produce.
21,30,63,2025-02-06 07:44:11,Environment candidate crime building somebody partner past.
22,43,84,2025-01-04 12:32:34,He people air direction price member focus.
23,33,1,2025-02-19 04:29:16,Tax save provide my.
24,43,58,2025-02-11 02:21:57,Ok right market number effect run investment than.
25,4,6,2025-01-06 02:31:38,Challenge teach strategy government.
26,7,3,2025-02-12 02:39:17,Knowledge service its former point idea.
27,7,37,2025-01-29 01:58:29,Strategy campaign spring how name.
28,46,79,2025-02-17 12:57:06,Assume approach seek experience recently firm.
29,30,68,2025-01-03 03:14:21,Main support last front care wear.
30,40,14,2025-02-05 07:44:00,If within garden become must.
31,7,85,2025-02-16 04:33:28,Get forget edge who fund maybe finally per.
32,43,7,2025-02-12 03:26:40,Hear develop big tough although own least.
33,40,55,2025-02-25 04:23:13,Food expert send environmental cover.
34,7,29,2025-01-02 06:16:41,Grow energy somebody film check describe recent use.
35,15,89,2025-01-18 07:38:43,Likely these fly against still social even.
36,27,61,2025-02-25 12:47:39,Run foot article song return same perform moment.
37,14,90,2025-01-20 02:29:34,Small including third reach local find.
38,4,35,2025-01-13 05:36:28,Yeah agreement clearly buy position.
39,37,72,2025-02-23 12:23:17,Top dark finally ten.
40,30,8,2025-02-07 06:25:27,Provide allow I third professor since effect.
41,21,20,2025-02-24 11:07:50,Ahead nation hair rule young test technology.
42,1,86,2025-02-15 02:16:35,Century factor project material respond them only.
43,30,26,2025-01-21 05:11:39,Black outside just model fly blue these.
44,24,23,2025-01-25 08:57:32,Data through effect think success color.
45,8,43,2025-01-11 09:17:19,Necessary effort south must myself air tree.
46,46,75,2025-01-28 10:29:59,Evidence authority style with.
47,15,72,2025-01-15 05:34:19,During see important middle their democratic long.
48,11,22,2025-01-22 04:34:21,By night next east against decade.
49,1,81,2025-01-12 08:05:19,Sister save push.
50,40,58,2025-01-13 08:10:13,Bad painting history hear.
